<?xml version="1.0" encoding="UTF-8"?>
    <addon id="hello.world.repo" name="Hello World" version="0.1.0" provider-name="eine-fake">
        <requires>
            <import addon="xbmc.addon" version="12.0.0"/>
        </requires>
        <extension point="xbmc.addon.repository" name="Hello World">
            <info compressed="false">https://github.com/eine-fake/tvaddons-repo-tutorial.git_repo/addons.xml</info>
            <checksum>https://github.com/eine-fake/tvaddons-repo-tutorial.git_repo/addons.xml.md5</checksum>
            <datadir zip="true">https://github.com/eine-fake/tvaddons-repo-tutorial.git_repo/</datadir>
            <hashes>false</hashes>
        </extension>
        <extension point="xbmc.addon.metadata">
            <summary>Basic Hello World addon</summary>
            <description>.</description>
            <platform>all</platform>
    </extension>
</addon>